Family,File,Nodes,Algorithm,AvgTime_ms
Random4-n,Random4-n.10.0.gr,1024,dijkstra-single,0.17
Random4-n,Random4-n.10.0.gr,1024,dijkstra-random,0.13
Random4-n,Random4-n.10.0.gr,1024,radixheap-single,0.22
Random4-n,Random4-n.10.0.gr,1024,radixheap-random,0.22
Random4-n,Random4-n.10.0.gr,1024,dial-single,0.16
Random4-n,Random4-n.10.0.gr,1024,dial-random,0.13
Random4-n,Random4-n.11.0.gr,2048,dijkstra-single,0.39
Random4-n,Random4-n.11.0.gr,2048,dijkstra-random,0.29
Random4-n,Random4-n.11.0.gr,2048,radixheap-single,0.4
Random4-n,Random4-n.11.0.gr,2048,radixheap-random,0.39
Random4-n,Random4-n.11.0.gr,2048,dial-single,0.31
Random4-n,Random4-n.11.0.gr,2048,dial-random,0.4
Random4-n,Random4-n.12.0.gr,4096,dijkstra-single,0.74
Random4-n,Random4-n.12.0.gr,4096,dijkstra-random,0.64
Random4-n,Random4-n.12.0.gr,4096,radixheap-single,0.81
Random4-n,Random4-n.12.0.gr,4096,radixheap-random,0.73
Random4-n,Random4-n.12.0.gr,4096,dial-single,0.7
Random4-n,Random4-n.12.0.gr,4096,dial-random,0.58
Random4-n,Random4-n.13.0.gr,8192,dijkstra-single,1.63
Random4-n,Random4-n.13.0.gr,8192,dijkstra-random,1.43
Random4-n,Random4-n.13.0.gr,8192,radixheap-single,1.81
Random4-n,Random4-n.13.0.gr,8192,radixheap-random,1.55
Random4-n,Random4-n.13.0.gr,8192,dial-single,1.45
Random4-n,Random4-n.13.0.gr,8192,dial-random,1.26
Random4-n,Random4-n.14.0.gr,16384,dijkstra-single,3.62
Random4-n,Random4-n.14.0.gr,16384,dijkstra-random,3.19
Random4-n,Random4-n.14.0.gr,16384,radixheap-single,3.4
Random4-n,Random4-n.14.0.gr,16384,radixheap-random,3.39
Random4-n,Random4-n.14.0.gr,16384,dial-single,3.16
Random4-n,Random4-n.14.0.gr,16384,dial-random,2.75
Random4-n,Random4-n.15.0.gr,32768,dijkstra-single,7.27
Random4-n,Random4-n.15.0.gr,32768,dijkstra-random,7.17
Random4-n,Random4-n.15.0.gr,32768,radixheap-single,7.67
Random4-n,Random4-n.15.0.gr,32768,radixheap-random,7.07
Random4-n,Random4-n.15.0.gr,32768,dial-single,6.86
Random4-n,Random4-n.15.0.gr,32768,dial-random,8.21
Random4-n,Random4-n.16.0.gr,65536,dijkstra-single,17.22
Random4-n,Random4-n.16.0.gr,65536,dijkstra-random,16.73
Random4-n,Random4-n.16.0.gr,65536,radixheap-single,21.1
Random4-n,Random4-n.16.0.gr,65536,radixheap-random,17.68
Random4-n,Random4-n.16.0.gr,65536,dial-single,22.97
Random4-n,Random4-n.16.0.gr,65536,dial-random,20.78
Random4-n,Random4-n.17.0.gr,131072,dijkstra-single,46.34
Random4-n,Random4-n.17.0.gr,131072,dijkstra-random,45.45
Random4-n,Random4-n.17.0.gr,131072,radixheap-single,43.68
Random4-n,Random4-n.17.0.gr,131072,radixheap-random,42.89
Random4-n,Random4-n.17.0.gr,131072,dial-single,48.94
Random4-n,Random4-n.17.0.gr,131072,dial-random,51.95
Random4-n,Random4-n.18.0.gr,262144,dijkstra-single,99.46
Random4-n,Random4-n.18.0.gr,262144,dijkstra-random,105.24
Random4-n,Random4-n.18.0.gr,262144,radixheap-single,99.8
Random4-n,Random4-n.18.0.gr,262144,radixheap-random,97.15
Random4-n,Random4-n.18.0.gr,262144,dial-single,116.0
Random4-n,Random4-n.18.0.gr,262144,dial-random,131.85
Random4-n,Random4-n.19.0.gr,524288,dijkstra-single,242.38
Random4-n,Random4-n.19.0.gr,524288,dijkstra-random,237.84
Random4-n,Random4-n.19.0.gr,524288,radixheap-single,218.93
Random4-n,Random4-n.19.0.gr,524288,radixheap-random,219.5
Random4-n,Random4-n.19.0.gr,524288,dial-single,253.13
Random4-n,Random4-n.19.0.gr,524288,dial-random,289.93
Random4-n,Random4-n.20.0.gr,1048576,dijkstra-single,572.21
Random4-n,Random4-n.20.0.gr,1048576,dijkstra-random,511.35
Random4-n,Random4-n.20.0.gr,1048576,radixheap-single,488.84
Random4-n,Random4-n.20.0.gr,1048576,radixheap-random,478.97
Random4-n,Random4-n.20.0.gr,1048576,dial-single,623.65
Random4-n,Random4-n.20.0.gr,1048576,dial-random,620.08
Random4-n,Random4-n.21.0.gr,2097152,dijkstra-single,1128.22
Random4-n,Random4-n.21.0.gr,2097152,dijkstra-random,1156.79
Random4-n,Random4-n.21.0.gr,2097152,radixheap-single,1005.86
Random4-n,Random4-n.21.0.gr,2097152,radixheap-random,985.83
Random4-n,Random4-n.21.0.gr,2097152,dial-single,1189.28
Random4-n,Random4-n.21.0.gr,2097152,dial-random,1295.25
Random4-C,Random4-C.0.0.gr,1048576,dijkstra-single,451.51
Random4-C,Random4-C.0.0.gr,1048576,dijkstra-random,451.57
Random4-C,Random4-C.0.0.gr,1048576,radixheap-single,250.89
Random4-C,Random4-C.0.0.gr,1048576,radixheap-random,233.84
Random4-C,Random4-C.0.0.gr,1048576,dial-single,208.68
Random4-C,Random4-C.0.0.gr,1048576,dial-random,202.82
Random4-C,Random4-C.1.0.gr,1048576,dijkstra-single,506.2
Random4-C,Random4-C.1.0.gr,1048576,dijkstra-random,468.69
Random4-C,Random4-C.1.0.gr,1048576,radixheap-single,260.06
Random4-C,Random4-C.1.0.gr,1048576,radixheap-random,227.07
Random4-C,Random4-C.1.0.gr,1048576,dial-single,200.1
Random4-C,Random4-C.1.0.gr,1048576,dial-random,198.99
Random4-C,Random4-C.2.0.gr,1048576,dijkstra-single,558.48
Random4-C,Random4-C.2.0.gr,1048576,dijkstra-random,508.83
Random4-C,Random4-C.2.0.gr,1048576,radixheap-single,235.56
Random4-C,Random4-C.2.0.gr,1048576,radixheap-random,228.17
Random4-C,Random4-C.2.0.gr,1048576,dial-single,201.49
Random4-C,Random4-C.2.0.gr,1048576,dial-random,195.96
Random4-C,Random4-C.3.0.gr,1048576,dijkstra-single,534.53
Random4-C,Random4-C.3.0.gr,1048576,dijkstra-random,518.35
Random4-C,Random4-C.3.0.gr,1048576,radixheap-single,233.54
Random4-C,Random4-C.3.0.gr,1048576,radixheap-random,226.36
Random4-C,Random4-C.3.0.gr,1048576,dial-single,189.64
Random4-C,Random4-C.3.0.gr,1048576,dial-random,192.98
Random4-C,Random4-C.4.0.gr,1048576,dijkstra-single,527.11
Random4-C,Random4-C.4.0.gr,1048576,dijkstra-random,530.97
Random4-C,Random4-C.4.0.gr,1048576,radixheap-single,249.43
Random4-C,Random4-C.4.0.gr,1048576,radixheap-random,240.2
Random4-C,Random4-C.4.0.gr,1048576,dial-single,199.19
Random4-C,Random4-C.4.0.gr,1048576,dial-random,194.88
Random4-C,Random4-C.5.0.gr,1048576,dijkstra-single,536.45
Random4-C,Random4-C.5.0.gr,1048576,dijkstra-random,552.36
Random4-C,Random4-C.5.0.gr,1048576,radixheap-single,249.4
Random4-C,Random4-C.5.0.gr,1048576,radixheap-random,249.7
Random4-C,Random4-C.5.0.gr,1048576,dial-single,197.01
Random4-C,Random4-C.5.0.gr,1048576,dial-random,202.22
Random4-C,Random4-C.6.0.gr,1048576,dijkstra-single,564.22
Random4-C,Random4-C.6.0.gr,1048576,dijkstra-random,530.73
Random4-C,Random4-C.6.0.gr,1048576,radixheap-single,262.42
Random4-C,Random4-C.6.0.gr,1048576,radixheap-random,256.06
Random4-C,Random4-C.6.0.gr,1048576,dial-single,212.24
Random4-C,Random4-C.6.0.gr,1048576,dial-random,205.11
Random4-C,Random4-C.7.0.gr,1048576,dijkstra-single,551.68
Random4-C,Random4-C.7.0.gr,1048576,dijkstra-random,533.81
Random4-C,Random4-C.7.0.gr,1048576,radixheap-single,289.69
Random4-C,Random4-C.7.0.gr,1048576,radixheap-random,273.43
Random4-C,Random4-C.7.0.gr,1048576,dial-single,238.17
Random4-C,Random4-C.7.0.gr,1048576,dial-random,222.33
Random4-C,Random4-C.8.0.gr,1048576,dijkstra-single,523.43
Random4-C,Random4-C.8.0.gr,1048576,dijkstra-random,525.18
Random4-C,Random4-C.8.0.gr,1048576,radixheap-single,327.71
Random4-C,Random4-C.8.0.gr,1048576,radixheap-random,301.86
Random4-C,Random4-C.8.0.gr,1048576,dial-single,313.42
Random4-C,Random4-C.8.0.gr,1048576,dial-random,301.97
Random4-C,Random4-C.9.0.gr,1048576,dijkstra-single,533.15
Random4-C,Random4-C.9.0.gr,1048576,dijkstra-random,528.51
Random4-C,Random4-C.9.0.gr,1048576,radixheap-single,414.53
Random4-C,Random4-C.9.0.gr,1048576,radixheap-random,377.18
Random4-C,Random4-C.9.0.gr,1048576,dial-single,423.74
Random4-C,Random4-C.9.0.gr,1048576,dial-random,431.78
Random4-C,Random4-C.10.0.gr,1048576,dijkstra-single,530.77
Random4-C,Random4-C.10.0.gr,1048576,dijkstra-random,513.74
Random4-C,Random4-C.10.0.gr,1048576,radixheap-single,479.39
Random4-C,Random4-C.10.0.gr,1048576,radixheap-random,480.59
Random4-C,Random4-C.10.0.gr,1048576,dial-single,545.06
Random4-C,Random4-C.10.0.gr,1048576,dial-random,593.02
Random4-C,Random4-C.11.0.gr,1048576,dijkstra-single,503.99
Random4-C,Random4-C.11.0.gr,1048576,dijkstra-random,501.28
Random4-C,Random4-C.11.0.gr,1048576,radixheap-single,494.0
Random4-C,Random4-C.11.0.gr,1048576,radixheap-random,489.63
Random4-C,Random4-C.11.0.gr,1048576,dial-single,808.87
Random4-C,Random4-C.11.0.gr,1048576,dial-random,871.37
Random4-C,Random4-C.12.0.gr,1048576,dijkstra-single,503.35
Random4-C,Random4-C.12.0.gr,1048576,dijkstra-random,499.62
Random4-C,Random4-C.12.0.gr,1048576,radixheap-single,500.49
Random4-C,Random4-C.12.0.gr,1048576,radixheap-random,493.1
Random4-C,Random4-C.12.0.gr,1048576,dial-single,1505.98
Random4-C,Random4-C.12.0.gr,1048576,dial-random,1581.03
Random4-C,Random4-C.13.0.gr,1048576,dijkstra-single,503.56
Random4-C,Random4-C.13.0.gr,1048576,dijkstra-random,494.01
Random4-C,Random4-C.13.0.gr,1048576,radixheap-single,512.01
Random4-C,Random4-C.13.0.gr,1048576,radixheap-random,495.08
Random4-C,Random4-C.13.0.gr,1048576,dial-single,3821.15
Random4-C,Random4-C.13.0.gr,1048576,dial-random,3998.68
Random4-C,Random4-C.14.0.gr,1048576,dijkstra-single,502.48
Random4-C,Random4-C.14.0.gr,1048576,dijkstra-random,501.77
Random4-C,Random4-C.14.0.gr,1048576,radixheap-single,518.94
Random4-C,Random4-C.14.0.gr,1048576,radixheap-random,499.44
Random4-C,Random4-C.14.0.gr,1048576,dial-single,13843.16
Random4-C,Random4-C.14.0.gr,1048576,dial-random,13595.35
Random4-C,Random4-C.15.0.gr,1048576,dijkstra-single,505.21
Random4-C,Random4-C.15.0.gr,1048576,dijkstra-random,512.59
Random4-C,Random4-C.15.0.gr,1048576,radixheap-single,520.69
Random4-C,Random4-C.15.0.gr,1048576,radixheap-random,503.67
Random4-C,Random4-C.15.0.gr,1048576,dial-single,TIMEOUT/ERR
Random4-C,Random4-C.15.0.gr,1048576,dial-random,TIMEOUT/ERR
Long-n,Long-n.10.0.gr,1024,dijkstra-single,0.21
Long-n,Long-n.10.0.gr,1024,dijkstra-random,0.09
Long-n,Long-n.10.0.gr,1024,radixheap-single,0.2
Long-n,Long-n.10.0.gr,1024,radixheap-random,0.2
Long-n,Long-n.10.0.gr,1024,dial-single,0.28
Long-n,Long-n.10.0.gr,1024,dial-random,0.18
Long-n,Long-n.11.0.gr,2048,dijkstra-single,0.22
Long-n,Long-n.11.0.gr,2048,dijkstra-random,0.22
Long-n,Long-n.11.0.gr,2048,radixheap-single,0.46
Long-n,Long-n.11.0.gr,2048,radixheap-random,0.31
Long-n,Long-n.11.0.gr,2048,dial-single,0.54
Long-n,Long-n.11.0.gr,2048,dial-random,0.51
Long-n,Long-n.12.0.gr,4096,dijkstra-single,0.43
Long-n,Long-n.12.0.gr,4096,dijkstra-random,0.35
Long-n,Long-n.12.0.gr,4096,radixheap-single,0.76
Long-n,Long-n.12.0.gr,4096,radixheap-random,0.68
Long-n,Long-n.12.0.gr,4096,dial-single,1.62
Long-n,Long-n.12.0.gr,4096,dial-random,1.63
Long-n,Long-n.13.0.gr,8192,dijkstra-single,0.92
Long-n,Long-n.13.0.gr,8192,dijkstra-random,0.74
Long-n,Long-n.13.0.gr,8192,radixheap-single,1.5
Long-n,Long-n.13.0.gr,8192,radixheap-random,1.29
Long-n,Long-n.13.0.gr,8192,dial-single,5.66
Long-n,Long-n.13.0.gr,8192,dial-random,5.71
Long-n,Long-n.14.0.gr,16384,dijkstra-single,2.57
Long-n,Long-n.14.0.gr,16384,dijkstra-random,1.6
Long-n,Long-n.14.0.gr,16384,radixheap-single,3.16
Long-n,Long-n.14.0.gr,16384,radixheap-random,2.7
Long-n,Long-n.14.0.gr,16384,dial-single,16.29
Long-n,Long-n.14.0.gr,16384,dial-random,20.49
Long-n,Long-n.15.0.gr,32768,dijkstra-single,4.22
Long-n,Long-n.15.0.gr,32768,dijkstra-random,3.34
Long-n,Long-n.15.0.gr,32768,radixheap-single,6.99
Long-n,Long-n.15.0.gr,32768,radixheap-random,5.53
Long-n,Long-n.15.0.gr,32768,dial-single,78.14
Long-n,Long-n.15.0.gr,32768,dial-random,65.71
Long-n,Long-n.16.0.gr,65536,dijkstra-single,8.65
Long-n,Long-n.16.0.gr,65536,dijkstra-random,7.17
Long-n,Long-n.16.0.gr,65536,radixheap-single,12.77
Long-n,Long-n.16.0.gr,65536,radixheap-random,11.83
Long-n,Long-n.16.0.gr,65536,dial-single,348.4
Long-n,Long-n.16.0.gr,65536,dial-random,293.35
Long-n,Long-n.17.0.gr,131072,dijkstra-single,18.77
Long-n,Long-n.17.0.gr,131072,dijkstra-random,16.77
Long-n,Long-n.17.0.gr,131072,radixheap-single,29.43
Long-n,Long-n.17.0.gr,131072,radixheap-random,25.15
Long-n,Long-n.17.0.gr,131072,dial-single,791.96
Long-n,Long-n.17.0.gr,131072,dial-random,1073.96
Long-n,Long-n.18.0.gr,262144,dijkstra-single,43.12
Long-n,Long-n.18.0.gr,262144,dijkstra-random,39.97
Long-n,Long-n.18.0.gr,262144,radixheap-single,63.31
Long-n,Long-n.18.0.gr,262144,radixheap-random,58.2
Long-n,Long-n.18.0.gr,262144,dial-single,3542.61
Long-n,Long-n.18.0.gr,262144,dial-random,4175.91
Long-n,Long-n.19.0.gr,524288,dijkstra-single,98.74
Long-n,Long-n.19.0.gr,524288,dijkstra-random,98.38
Long-n,Long-n.19.0.gr,524288,radixheap-single,139.88
Long-n,Long-n.19.0.gr,524288,radixheap-random,139.56
Long-n,Long-n.19.0.gr,524288,dial-single,22838.67
Long-n,Long-n.19.0.gr,524288,dial-random,19381.19
Long-n,Long-n.20.0.gr,1048576,dijkstra-single,232.67
Long-n,Long-n.20.0.gr,1048576,dijkstra-random,218.36
Long-n,Long-n.20.0.gr,1048576,radixheap-single,314.76
Long-n,Long-n.20.0.gr,1048576,radixheap-random,301.29
Long-n,Long-n.20.0.gr,1048576,dial-single,59403.43
Long-n,Long-n.20.0.gr,1048576,dial-random,TIMEOUT/ERR
Long-n,Long-n.21.0.gr,2097152,dijkstra-single,495.26
Long-n,Long-n.21.0.gr,2097152,dijkstra-random,480.21
Long-n,Long-n.21.0.gr,2097152,radixheap-single,655.82
Long-n,Long-n.21.0.gr,2097152,radixheap-random,650.86
Long-n,Long-n.21.0.gr,2097152,dial-single,TIMEOUT/ERR
Long-n,Long-n.21.0.gr,2097152,dial-random,TIMEOUT/ERR
Long-C,Long-C.0.0.gr,1048576,dijkstra-single,281.81
Long-C,Long-C.0.0.gr,1048576,dijkstra-random,273.9
Long-C,Long-C.0.0.gr,1048576,radixheap-single,135.71
Long-C,Long-C.0.0.gr,1048576,radixheap-random,130.77
Long-C,Long-C.0.0.gr,1048576,dial-single,129.41
Long-C,Long-C.0.0.gr,1048576,dial-random,128.54
Long-C,Long-C.1.0.gr,1048576,dijkstra-single,243.13
Long-C,Long-C.1.0.gr,1048576,dijkstra-random,246.11
Long-C,Long-C.1.0.gr,1048576,radixheap-single,159.74
Long-C,Long-C.1.0.gr,1048576,radixheap-random,145.52
Long-C,Long-C.1.0.gr,1048576,dial-single,127.01
Long-C,Long-C.1.0.gr,1048576,dial-random,123.82
Long-C,Long-C.2.0.gr,1048576,dijkstra-single,231.82
Long-C,Long-C.2.0.gr,1048576,dijkstra-random,238.71
Long-C,Long-C.2.0.gr,1048576,radixheap-single,210.53
Long-C,Long-C.2.0.gr,1048576,radixheap-random,191.18
Long-C,Long-C.2.0.gr,1048576,dial-single,138.93
Long-C,Long-C.2.0.gr,1048576,dial-random,132.0
Long-C,Long-C.3.0.gr,1048576,dijkstra-single,247.26
Long-C,Long-C.3.0.gr,1048576,dijkstra-random,236.92
Long-C,Long-C.3.0.gr,1048576,radixheap-single,243.77
Long-C,Long-C.3.0.gr,1048576,radixheap-random,244.54
Long-C,Long-C.3.0.gr,1048576,dial-single,142.14
Long-C,Long-C.3.0.gr,1048576,dial-random,147.18
Long-C,Long-C.4.0.gr,1048576,dijkstra-single,224.98
Long-C,Long-C.4.0.gr,1048576,dijkstra-random,226.22
Long-C,Long-C.4.0.gr,1048576,radixheap-single,288.44
Long-C,Long-C.4.0.gr,1048576,radixheap-random,281.79
Long-C,Long-C.4.0.gr,1048576,dial-single,178.93
Long-C,Long-C.4.0.gr,1048576,dial-random,175.06
Long-C,Long-C.5.0.gr,1048576,dijkstra-single,236.89
Long-C,Long-C.5.0.gr,1048576,dijkstra-random,226.08
Long-C,Long-C.5.0.gr,1048576,radixheap-single,302.6
Long-C,Long-C.5.0.gr,1048576,radixheap-random,299.02
Long-C,Long-C.5.0.gr,1048576,dial-single,225.91
Long-C,Long-C.5.0.gr,1048576,dial-random,235.7
Long-C,Long-C.6.0.gr,1048576,dijkstra-single,228.1
Long-C,Long-C.6.0.gr,1048576,dijkstra-random,222.6
Long-C,Long-C.6.0.gr,1048576,radixheap-single,305.57
Long-C,Long-C.6.0.gr,1048576,radixheap-random,302.29
Long-C,Long-C.6.0.gr,1048576,dial-single,461.45
Long-C,Long-C.6.0.gr,1048576,dial-random,446.14
Long-C,Long-C.7.0.gr,1048576,dijkstra-single,232.65
Long-C,Long-C.7.0.gr,1048576,dijkstra-random,223.4
Long-C,Long-C.7.0.gr,1048576,radixheap-single,307.77
Long-C,Long-C.7.0.gr,1048576,radixheap-random,301.69
Long-C,Long-C.7.0.gr,1048576,dial-single,1108.7
Long-C,Long-C.7.0.gr,1048576,dial-random,1204.04
Long-C,Long-C.8.0.gr,1048576,dijkstra-single,218.3
Long-C,Long-C.8.0.gr,1048576,dijkstra-random,230.49
Long-C,Long-C.8.0.gr,1048576,radixheap-single,301.19
Long-C,Long-C.8.0.gr,1048576,radixheap-random,305.48
Long-C,Long-C.8.0.gr,1048576,dial-single,5202.13
Long-C,Long-C.8.0.gr,1048576,dial-random,4479.86
Long-C,Long-C.9.0.gr,1048576,dijkstra-single,229.84
Long-C,Long-C.9.0.gr,1048576,dijkstra-random,214.96
Long-C,Long-C.9.0.gr,1048576,radixheap-single,308.97
Long-C,Long-C.9.0.gr,1048576,radixheap-random,302.23
Long-C,Long-C.9.0.gr,1048576,dial-single,15097.52
Long-C,Long-C.9.0.gr,1048576,dial-random,19157.17
Long-C,Long-C.10.0.gr,1048576,dijkstra-single,230.81
Long-C,Long-C.10.0.gr,1048576,dijkstra-random,226.98
Long-C,Long-C.10.0.gr,1048576,radixheap-single,310.57
Long-C,Long-C.10.0.gr,1048576,radixheap-random,306.1
Long-C,Long-C.10.0.gr,1048576,dial-single,59999.86
Long-C,Long-C.10.0.gr,1048576,dial-random,TIMEOUT/ERR
Long-C,Long-C.11.0.gr,1048576,dijkstra-single,233.19
Long-C,Long-C.11.0.gr,1048576,dijkstra-random,219.02
Long-C,Long-C.11.0.gr,1048576,radixheap-single,314.0
Long-C,Long-C.11.0.gr,1048576,radixheap-random,309.78
Long-C,Long-C.11.0.gr,1048576,dial-single,TIMEOUT/ERR
Long-C,Long-C.11.0.gr,1048576,dial-random,TIMEOUT/ERR
Long-C,Long-C.12.0.gr,1048576,dijkstra-single,231.0
Long-C,Long-C.12.0.gr,1048576,dijkstra-random,222.84
Long-C,Long-C.12.0.gr,1048576,radixheap-single,317.62
Long-C,Long-C.12.0.gr,1048576,radixheap-random,315.29
Long-C,Long-C.12.0.gr,1048576,dial-single,TIMEOUT/ERR
Long-C,Long-C.12.0.gr,1048576,dial-random,TIMEOUT/ERR
Long-C,Long-C.13.0.gr,1048576,dijkstra-single,229.09
Long-C,Long-C.13.0.gr,1048576,dijkstra-random,217.5
Long-C,Long-C.13.0.gr,1048576,radixheap-single,315.1
Long-C,Long-C.13.0.gr,1048576,radixheap-random,312.78
Long-C,Long-C.13.0.gr,1048576,dial-single,TIMEOUT/ERR
Long-C,Long-C.13.0.gr,1048576,dial-random,TIMEOUT/ERR
Long-C,Long-C.14.0.gr,1048576,dijkstra-single,225.76
Long-C,Long-C.14.0.gr,1048576,dijkstra-random,225.43
Long-C,Long-C.14.0.gr,1048576,radixheap-single,320.89
Long-C,Long-C.14.0.gr,1048576,radixheap-random,322.74
Long-C,Long-C.14.0.gr,1048576,dial-single,TIMEOUT/ERR
Long-C,Long-C.14.0.gr,1048576,dial-random,TIMEOUT/ERR
Long-C,Long-C.15.0.gr,1048576,dijkstra-single,253.69
Long-C,Long-C.15.0.gr,1048576,dijkstra-random,219.41
Long-C,Long-C.15.0.gr,1048576,radixheap-single,322.99
Long-C,Long-C.15.0.gr,1048576,radixheap-random,319.29
Long-C,Long-C.15.0.gr,1048576,dial-single,TIMEOUT/ERR
Long-C,Long-C.15.0.gr,1048576,dial-random,TIMEOUT/ERR
Square-n,Square-n.10.0.gr,1024,dijkstra-single,0.14
Square-n,Square-n.10.0.gr,1024,dijkstra-random,0.12
Square-n,Square-n.10.0.gr,1024,radixheap-single,0.35
Square-n,Square-n.10.0.gr,1024,radixheap-random,0.39
Square-n,Square-n.10.0.gr,1024,dial-single,0.23
Square-n,Square-n.10.0.gr,1024,dial-random,0.19
Square-n,Square-n.11.0.gr,2025,dijkstra-single,0.26
Square-n,Square-n.11.0.gr,2025,dijkstra-random,0.2
Square-n,Square-n.11.0.gr,2025,radixheap-single,0.46
Square-n,Square-n.11.0.gr,2025,radixheap-random,0.47
Square-n,Square-n.11.0.gr,2025,dial-single,0.43
Square-n,Square-n.11.0.gr,2025,dial-random,0.6
Square-n,Square-n.12.0.gr,4096,dijkstra-single,0.47
Square-n,Square-n.12.0.gr,4096,dijkstra-random,0.44
Square-n,Square-n.12.0.gr,4096,radixheap-single,0.79
Square-n,Square-n.12.0.gr,4096,radixheap-random,0.68
Square-n,Square-n.12.0.gr,4096,dial-single,0.99
Square-n,Square-n.12.0.gr,4096,dial-random,1.02
Square-n,Square-n.13.0.gr,8190,dijkstra-single,1.3
Square-n,Square-n.13.0.gr,8190,dijkstra-random,0.97
Square-n,Square-n.13.0.gr,8190,radixheap-single,2.08
Square-n,Square-n.13.0.gr,8190,radixheap-random,1.8
Square-n,Square-n.13.0.gr,8190,dial-single,2.48
Square-n,Square-n.13.0.gr,8190,dial-random,2.01
Square-n,Square-n.14.0.gr,16384,dijkstra-single,2.26
Square-n,Square-n.14.0.gr,16384,dijkstra-random,2.01
Square-n,Square-n.14.0.gr,16384,radixheap-single,3.07
Square-n,Square-n.14.0.gr,16384,radixheap-random,3.04
Square-n,Square-n.14.0.gr,16384,dial-single,5.83
Square-n,Square-n.14.0.gr,16384,dial-random,5.19
Square-n,Square-n.15.0.gr,32761,dijkstra-single,4.83
Square-n,Square-n.15.0.gr,32761,dijkstra-random,4.31
Square-n,Square-n.15.0.gr,32761,radixheap-single,7.04
Square-n,Square-n.15.0.gr,32761,radixheap-random,5.68
Square-n,Square-n.15.0.gr,32761,dial-single,16.42
Square-n,Square-n.15.0.gr,32761,dial-random,12.9
Square-n,Square-n.16.0.gr,65536,dijkstra-single,10.76
Square-n,Square-n.16.0.gr,65536,dijkstra-random,9.11
Square-n,Square-n.16.0.gr,65536,radixheap-single,14.34
Square-n,Square-n.16.0.gr,65536,radixheap-random,12.52
Square-n,Square-n.16.0.gr,65536,dial-single,40.83
Square-n,Square-n.16.0.gr,65536,dial-random,38.27
Square-n,Square-n.17.0.gr,131044,dijkstra-single,24.52
Square-n,Square-n.17.0.gr,131044,dijkstra-random,23.07
Square-n,Square-n.17.0.gr,131044,radixheap-single,32.24
Square-n,Square-n.17.0.gr,131044,radixheap-random,28.55
Square-n,Square-n.17.0.gr,131044,dial-single,101.63
Square-n,Square-n.17.0.gr,131044,dial-random,101.51
Square-n,Square-n.18.0.gr,262144,dijkstra-single,66.66
Square-n,Square-n.18.0.gr,262144,dijkstra-random,54.8
Square-n,Square-n.18.0.gr,262144,radixheap-single,79.3
Square-n,Square-n.18.0.gr,262144,radixheap-random,69.83
Square-n,Square-n.18.0.gr,262144,dial-single,238.91
Square-n,Square-n.18.0.gr,262144,dial-random,284.19
Square-n,Square-n.19.0.gr,524176,dijkstra-single,148.72
Square-n,Square-n.19.0.gr,524176,dijkstra-random,136.17
Square-n,Square-n.19.0.gr,524176,radixheap-single,169.68
Square-n,Square-n.19.0.gr,524176,radixheap-random,164.38
Square-n,Square-n.19.0.gr,524176,dial-single,751.03
Square-n,Square-n.19.0.gr,524176,dial-random,763.36
Square-n,Square-n.20.0.gr,1048576,dijkstra-single,328.01
Square-n,Square-n.20.0.gr,1048576,dijkstra-random,301.22
Square-n,Square-n.20.0.gr,1048576,radixheap-single,383.27
Square-n,Square-n.20.0.gr,1048576,radixheap-random,343.11
Square-n,Square-n.20.0.gr,1048576,dial-single,2018.39
Square-n,Square-n.20.0.gr,1048576,dial-random,2249.37
Square-n,Square-n.21.0.gr,2096704,dijkstra-single,691.95
Square-n,Square-n.21.0.gr,2096704,dijkstra-random,673.93
Square-n,Square-n.21.0.gr,2096704,radixheap-single,790.57
Square-n,Square-n.21.0.gr,2096704,radixheap-random,779.35
Square-n,Square-n.21.0.gr,2096704,dial-single,7011.17
Square-n,Square-n.21.0.gr,2096704,dial-random,6083.82
Square-C,Square-C.0.0.gr,1048576,dijkstra-single,388.82
Square-C,Square-C.0.0.gr,1048576,dijkstra-random,385.14
Square-C,Square-C.0.0.gr,1048576,radixheap-single,165.33
Square-C,Square-C.0.0.gr,1048576,radixheap-random,156.26
Square-C,Square-C.0.0.gr,1048576,dial-single,144.78
Square-C,Square-C.0.0.gr,1048576,dial-random,142.12
Square-C,Square-C.1.0.gr,1048576,dijkstra-single,329.26
Square-C,Square-C.1.0.gr,1048576,dijkstra-random,320.22
Square-C,Square-C.1.0.gr,1048576,radixheap-single,151.27
Square-C,Square-C.1.0.gr,1048576,radixheap-random,145.36
Square-C,Square-C.1.0.gr,1048576,dial-single,144.4
Square-C,Square-C.1.0.gr,1048576,dial-random,135.38
Square-C,Square-C.2.0.gr,1048576,dijkstra-single,344.01
Square-C,Square-C.2.0.gr,1048576,dijkstra-random,339.57
Square-C,Square-C.2.0.gr,1048576,radixheap-single,175.14
Square-C,Square-C.2.0.gr,1048576,radixheap-random,158.34
Square-C,Square-C.2.0.gr,1048576,dial-single,159.34
Square-C,Square-C.2.0.gr,1048576,dial-random,142.35
Square-C,Square-C.3.0.gr,1048576,dijkstra-single,356.0
Square-C,Square-C.3.0.gr,1048576,dijkstra-random,331.41
Square-C,Square-C.3.0.gr,1048576,radixheap-single,168.34
Square-C,Square-C.3.0.gr,1048576,radixheap-random,161.58
Square-C,Square-C.3.0.gr,1048576,dial-single,152.83
Square-C,Square-C.3.0.gr,1048576,dial-random,143.16
Square-C,Square-C.4.0.gr,1048576,dijkstra-single,318.73
Square-C,Square-C.4.0.gr,1048576,dijkstra-random,325.08
Square-C,Square-C.4.0.gr,1048576,radixheap-single,181.34
Square-C,Square-C.4.0.gr,1048576,radixheap-random,182.01
Square-C,Square-C.4.0.gr,1048576,dial-single,146.45
Square-C,Square-C.4.0.gr,1048576,dial-random,157.95
Square-C,Square-C.5.0.gr,1048576,dijkstra-single,348.61
Square-C,Square-C.5.0.gr,1048576,dijkstra-random,327.3
Square-C,Square-C.5.0.gr,1048576,radixheap-single,229.27
Square-C,Square-C.5.0.gr,1048576,radixheap-random,224.42
Square-C,Square-C.5.0.gr,1048576,dial-single,162.41
Square-C,Square-C.5.0.gr,1048576,dial-random,160.75
Square-C,Square-C.6.0.gr,1048576,dijkstra-single,318.61
Square-C,Square-C.6.0.gr,1048576,dijkstra-random,328.13
Square-C,Square-C.6.0.gr,1048576,radixheap-single,287.37
Square-C,Square-C.6.0.gr,1048576,radixheap-random,301.21
Square-C,Square-C.6.0.gr,1048576,dial-single,178.35
Square-C,Square-C.6.0.gr,1048576,dial-random,188.97
Square-C,Square-C.7.0.gr,1048576,dijkstra-single,333.73
Square-C,Square-C.7.0.gr,1048576,dijkstra-random,323.26
Square-C,Square-C.7.0.gr,1048576,radixheap-single,366.84
Square-C,Square-C.7.0.gr,1048576,radixheap-random,333.92
Square-C,Square-C.7.0.gr,1048576,dial-single,240.52
Square-C,Square-C.7.0.gr,1048576,dial-random,225.25
Square-C,Square-C.8.0.gr,1048576,dijkstra-single,316.12
Square-C,Square-C.8.0.gr,1048576,dijkstra-random,309.97
Square-C,Square-C.8.0.gr,1048576,radixheap-single,378.53
Square-C,Square-C.8.0.gr,1048576,radixheap-random,349.81
Square-C,Square-C.8.0.gr,1048576,dial-single,367.4
Square-C,Square-C.8.0.gr,1048576,dial-random,338.15
Square-C,Square-C.9.0.gr,1048576,dijkstra-single,327.89
Square-C,Square-C.9.0.gr,1048576,dijkstra-random,307.12
Square-C,Square-C.9.0.gr,1048576,radixheap-single,380.33
Square-C,Square-C.9.0.gr,1048576,radixheap-random,354.33
Square-C,Square-C.9.0.gr,1048576,dial-single,733.66
Square-C,Square-C.9.0.gr,1048576,dial-random,715.74
Square-C,Square-C.10.0.gr,1048576,dijkstra-single,329.89
Square-C,Square-C.10.0.gr,1048576,dijkstra-random,311.78
Square-C,Square-C.10.0.gr,1048576,radixheap-single,377.21
Square-C,Square-C.10.0.gr,1048576,radixheap-random,395.34
Square-C,Square-C.10.0.gr,1048576,dial-single,2208.86
Square-C,Square-C.10.0.gr,1048576,dial-random,2309.54
Square-C,Square-C.11.0.gr,1048576,dijkstra-single,304.12
Square-C,Square-C.11.0.gr,1048576,dijkstra-random,333.07
Square-C,Square-C.11.0.gr,1048576,radixheap-single,378.43
Square-C,Square-C.11.0.gr,1048576,radixheap-random,382.4
Square-C,Square-C.11.0.gr,1048576,dial-single,7786.58
Square-C,Square-C.11.0.gr,1048576,dial-random,7157.58
Square-C,Square-C.12.0.gr,1048576,dijkstra-single,303.37
Square-C,Square-C.12.0.gr,1048576,dijkstra-random,322.12
Square-C,Square-C.12.0.gr,1048576,radixheap-single,365.87
Square-C,Square-C.12.0.gr,1048576,radixheap-random,380.89
Square-C,Square-C.12.0.gr,1048576,dial-single,32283.81
Square-C,Square-C.12.0.gr,1048576,dial-random,TIMEOUT/ERR
Square-C,Square-C.13.0.gr,1048576,dijkstra-single,308.95
Square-C,Square-C.13.0.gr,1048576,dijkstra-random,318.96
Square-C,Square-C.13.0.gr,1048576,radixheap-single,363.92
Square-C,Square-C.13.0.gr,1048576,radixheap-random,373.93
Square-C,Square-C.13.0.gr,1048576,dial-single,107322.06
Square-C,Square-C.13.0.gr,1048576,dial-random,TIMEOUT/ERR
Square-C,Square-C.14.0.gr,1048576,dijkstra-single,300.98
Square-C,Square-C.14.0.gr,1048576,dijkstra-random,314.11
Square-C,Square-C.14.0.gr,1048576,radixheap-single,374.6
Square-C,Square-C.14.0.gr,1048576,radixheap-random,391.62
Square-C,Square-C.14.0.gr,1048576,dial-single,TIMEOUT/ERR
Square-C,Square-C.14.0.gr,1048576,dial-random,TIMEOUT/ERR
Square-C,Square-C.15.0.gr,1048576,dijkstra-single,338.62
Square-C,Square-C.15.0.gr,1048576,dijkstra-random,322.94
Square-C,Square-C.15.0.gr,1048576,radixheap-single,401.89
Square-C,Square-C.15.0.gr,1048576,radixheap-random,381.91
Square-C,Square-C.15.0.gr,1048576,dial-single,TIMEOUT/ERR
Square-C,Square-C.15.0.gr,1048576,dial-random,TIMEOUT/ERR
USA-road-d,USA-road-d.NY.gr,264346,dijkstra-single,37.25
USA-road-d,USA-road-d.NY.gr,264346,dijkstra-random,36.36
USA-road-d,USA-road-d.NY.gr,264346,radixheap-single,47.33
USA-road-d,USA-road-d.NY.gr,264346,radixheap-random,46.72
USA-road-d,USA-road-d.NY.gr,264346,dial-single,36.3
USA-road-d,USA-road-d.NY.gr,264346,dial-random,32.89
USA-road-d,USA-road-d.BAY.gr,321270,dijkstra-single,44.53
USA-road-d,USA-road-d.BAY.gr,321270,dijkstra-random,42.19
USA-road-d,USA-road-d.BAY.gr,321270,radixheap-single,58.2
USA-road-d,USA-road-d.BAY.gr,321270,radixheap-random,56.05
USA-road-d,USA-road-d.BAY.gr,321270,dial-single,54.84
USA-road-d,USA-road-d.BAY.gr,321270,dial-random,49.09
USA-road-d,USA-road-d.COL.gr,435666,dijkstra-single,60.09
USA-road-d,USA-road-d.COL.gr,435666,dijkstra-random,59.43
USA-road-d,USA-road-d.COL.gr,435666,radixheap-single,80.69
USA-road-d,USA-road-d.COL.gr,435666,radixheap-random,75.13
USA-road-d,USA-road-d.COL.gr,435666,dial-single,92.82
USA-road-d,USA-road-d.COL.gr,435666,dial-random,89.06
USA-road-d,USA-road-d.FLA.gr,1070376,dijkstra-single,140.67
USA-road-d,USA-road-d.FLA.gr,1070376,dijkstra-random,150.19
USA-road-d,USA-road-d.FLA.gr,1070376,radixheap-single,187.85
USA-road-d,USA-road-d.FLA.gr,1070376,radixheap-random,187.64
USA-road-d,USA-road-d.FLA.gr,1070376,dial-single,198.39
USA-road-d,USA-road-d.FLA.gr,1070376,dial-random,192.63
USA-road-d,USA-road-d.NW.gr,1207945,dijkstra-single,174.9
USA-road-d,USA-road-d.NW.gr,1207945,dijkstra-random,163.66
USA-road-d,USA-road-d.NW.gr,1207945,radixheap-single,212.81
USA-road-d,USA-road-d.NW.gr,1207945,radixheap-random,228.22
USA-road-d,USA-road-d.NW.gr,1207945,dial-single,196.9
USA-road-d,USA-road-d.NW.gr,1207945,dial-random,185.94
USA-road-d,USA-road-d.NE.gr,1524453,dijkstra-single,245.49
USA-road-d,USA-road-d.NE.gr,1524453,dijkstra-random,225.62
USA-road-d,USA-road-d.NE.gr,1524453,radixheap-single,272.48
USA-road-d,USA-road-d.NE.gr,1524453,radixheap-random,272.88
USA-road-d,USA-road-d.NE.gr,1524453,dial-single,212.05
USA-road-d,USA-road-d.NE.gr,1524453,dial-random,192.96
USA-road-d,USA-road-d.CAL.gr,1890815,dijkstra-single,289.94
USA-road-d,USA-road-d.CAL.gr,1890815,dijkstra-random,287.64
USA-road-d,USA-road-d.CAL.gr,1890815,radixheap-single,366.62
USA-road-d,USA-road-d.CAL.gr,1890815,radixheap-random,365.52
USA-road-d,USA-road-d.CAL.gr,1890815,dial-single,340.27
USA-road-d,USA-road-d.CAL.gr,1890815,dial-random,330.43
USA-road-d,USA-road-d.LKS.gr,2758119,dijkstra-single,406.59
USA-road-d,USA-road-d.LKS.gr,2758119,dijkstra-random,441.87
USA-road-d,USA-road-d.LKS.gr,2758119,radixheap-single,506.22
USA-road-d,USA-road-d.LKS.gr,2758119,radixheap-random,531.65
USA-road-d,USA-road-d.LKS.gr,2758119,dial-single,472.01
USA-road-d,USA-road-d.LKS.gr,2758119,dial-random,451.26
USA-road-d,USA-road-d.E.gr,3598623,dijkstra-single,637.23
USA-road-d,USA-road-d.E.gr,3598623,dijkstra-random,577.96
USA-road-d,USA-road-d.E.gr,3598623,radixheap-single,714.3
USA-road-d,USA-road-d.E.gr,3598623,radixheap-random,704.93
USA-road-d,USA-road-d.E.gr,3598623,dial-single,539.87
USA-road-d,USA-road-d.E.gr,3598623,dial-random,543.49
